{
	"locked": true,
	"key": {
		"key1": {
			"x": 28,
			"y": 521,
			"width": 48,
			"height": 48,
			"frame": 0
		}
	},
	"troll": {
		"troll": {
			"x": 179,
			"y": 535,
			"width": 48,
			"height": 48,
			"frame": 0
		}
	},
	"door": {
		"door1": {
			"x": 955,
			"y": 568,
			"width": 64,
			"height": 64,
			"frame": 4,
			"nextLevel": "json/map1.json"
		},
		"door2": {
			"x": 51,
			"y": 432,
			"width": 64,
			"height": 64,
			"frame": 4,
			"label": "2",
			"_lockedByLevel": "2",
			"nextLevel": "json/map2.json"
		},
		"door3": {
			"x": 180,
			"y": 432,
			"width": 64,
			"height": 64,
			"frame": 4,
			"label": "3",
			"_lockedByLevel": "3",
			"nextLevel": "json/map3.json"
		},
		"door4": {
			"x": 320,
			"y": 299,
			"width": 64,
			"height": 64,
			"frame": 4,
			"label": "4",
			"_lockedByLevel": "4",
			"nextLevel": "json/map4.json"
		},
		"door5": {
			"x": 453,
			"y": 299,
			"width": 64,
			"height": 64,
			"frame": 4,
			"label": "5",
			"_lockedByLevel": "5",
			"nextLevel": "json/map5.json"
		},
		"door6": {
			"x": 487,
			"y": 428,
			"width": 64,
			"height": 64,
			"frame": 4,
			"label": "6",
			"_lockedByLevel": "6",
			"nextLevel": "json/map6.json"
		},
		"door7": {
			"x": 606,
			"y": 428,
			"width": 64,
			"height": 64,
			"frame": 4,
			"label": "7",
			"_lockedByLevel": "7",
			"nextLevel": "json/map7.json"
		},
		"door8": {
			"x": 714,
			"y": 428,
			"width": 64,
			"height": 64,
			"frame": 4,
			"label": "8",
			"_lockedByLevel": "8",
			"nextLevel": "json/map8.json"
		},
		"door9": {
			"x": 822,
			"y": 293,
			"width": 64,
			"height": 64,
			"frame": 4,
			"label": "9",
			"_lockedByLevel": "9",
			"nextLevel": "json/map9.json"
		},
		"door10": {
			"x": 961,
			"y": 293,
			"width": 64,
			"height": 64,
			"frame": 4,
			"label": "10",
			"_lockedByLevel": "10",
			"nextLevel": "json/map10.json"
		},
		"door11": {
			"x": 708,
			"y": 158,
			"width": 64,
			"height": 64,
			"frame": 4,
			"label": "11",
			"lockedByLevel": "11",
			"nextLevel": "json/map11.json"
		},
		"door12": {
			"x": 574,
			"y": 160,
			"width": 64,
			"height": 64,
			"frame": 4,
			"label": "12",
			"lockedByLevel": "12",
			"nextLevel": "json/map12.json"
		},
		"door13": {
			"x": 442,
			"y": 158,
			"width": 64,
			"height": 64,
			"frame": 4,
			"label": "13",
			"lockedByLevel": "13",
			"nextLevel": "json/map13.json"
		},
		"door14": {
			"x": 319,
			"y": 159,
			"width": 64,
			"height": 64,
			"frame": 4,
			"label": "14",
			"lockedByLevel": "14",
			"nextLevel": "json/map14.json"
		},
		"door15": {
			"x": 136,
			"y": 206,
			"width": 64,
			"height": 64,
			"frame": 4,
			"label": "15",
			"lockedByLevel": "15",
			"nextLevel": "json/map15.json"
		},
		"door16": {
			"x": 33,
			"y": 206,
			"width": 64,
			"height": 64,
			"frame": 4,
			"label": "16",
			"lockedByLevel": "16",
			"nextLevel": "json/map16.json"
		},
		"door17": {
			"x": 36.99999975585939,
			"y": 59,
			"width": 64,
			"height": 64,
			"frame": 4,
			"label": "17",
			"lockedByLevel": "17",
			"nextLevel": "json/map17.json"
		},
		"door18": {
			"x": 129.4999941101078,
			"y": 60,
			"width": 64,
			"height": 64,
			"frame": 4,
			"label": "18",
			"lockedByLevel": "18",
			"nextLevel": "json/map18.json"
		},
		"door19": {
			"x": 410.4999769592299,
			"y": 41,
			"width": 64,
			"height": 64,
			"frame": 4,
			"label": "19",
			"lockedByLevel": "19",
			"nextLevel": "json/map19.json"
		},
		"door20": {
			"x": 545.4999687194844,
			"y": 43,
			"width": 64,
			"height": 64,
			"frame": 4,
			"label": "20",
			"lockedByLevel": "20",
			"nextLevel": "json/map20.json"
		},
		"door21": {
			"x": 681.4999604797388,
			"y": 41,
			"width": 64,
			"height": 64,
			"frame": 4,
			"label": "21",
			"lockedByLevel": "21",
			"nextLevel": "json/map21.json"
		},
		"door22": {
			"x": 816.499952178958,
			"y": 41,
			"width": 64,
			"height": 64,
			"frame": 4,
			"label": "22",
			"lockedByLevel": "22",
			"nextLevel": "json/map22.json"
		},
		"door23": {
			"x": 956.4999436340366,
			"y": 41,
			"width": 64,
			"height": 64,
			"frame": 4,
			"label": "23",
			"lockedByLevel": "23",
			"nextLevel": "json/map23.json"
		}
	},
	"ground": {
		"ground1": {
			"x": 106.5,
			"y": 477,
			"width": 223,
			"height": 26,
			"frame": null,
			"_lockedByLevel": "2"
		},
		"ground2": {
			"x": 382.5,
			"y": 343,
			"width": 223,
			"height": 24,
			"frame": null,
			"_lockedByLevel": "4"
		},
		"ground3": {
			"x": 598.5,
			"y": 473,
			"width": 269,
			"height": 26,
			"frame": null,
			"_lockedByLevel": "6"
		},
		"ground4": {
			"x": 889.5,
			"y": 338,
			"width": 223,
			"height": 26,
			"frame": null,
			"_lockedByLevel": "9"
		},
		"ground5": {
			"x": 510.5,
			"y": 203,
			"width": 467,
			"height": 26,
			"frame": null,
			"lockedByLevel": "11"
		},
		"ground6": {
			"x": 86,
			"y": 251,
			"width": 172,
			"height": 26,
			"frame": null,
			"lockedByLevel": "15"
		},
		"ground7": {
			"x": 83.00000018310547,
			"y": 104,
			"width": 172,
			"height": 26,
			"frame": null,
			"lockedByLevel": "17"
		},
		"ground8": {
			"x": 681.4999636535667,
			"y": 86,
			"width": 636.9999716186541,
			"height": 26,
			"frame": null,
			"lockedByLevel": "19"
		}
	},
	"cutScene": {},
	"autoNext": true
}
