{
	"locked": true,
	"overlay": "assets/castle.png",
	"originalLevel": 10,
	"theEnd": true,
	"ground": {
		"ground1": {
			"x": 800,
			"y": 586,
			"width": 1600,
			"height": 64,
			"frame": null
		},
		"ground2": {
			"x": 891.5,
			"y": 312,
			"width": 39,
			"height": 30,
			"frame": null
		},
		"ground3": {
			"x": 907.5,
			"y": 464,
			"width": 183,
			"height": 44,
			"frame": null
		},
		"ground4": {
			"x": 670.5,
			"y": 337,
			"width": 43,
			"height": 32,
			"frame": null
		},
		"ground5": {
			"x": 534,
			"y": 135,
			"width": 64,
			"height": 100,
			"frame": null
		},
		"ground6": {
			"x": 576,
			"y": 426.5,
			"width": 74,
			"height": 99,
			"frame": null
		},
		"ground7": {
			"x": 556.5,
			"y": 363.5,
			"width": 487,
			"height": 27,
			"frame": null
		},
		"ground8": {
			"x": 426,
			"y": 58.5,
			"width": 192,
			"height": 23,
			"frame": null
		},
		"ground9": {
			"x": 9,
			"y": 87,
			"width": 38,
			"height": 178,
			"frame": null
		},
		"ground10": {
			"x": -21.5,
			"y": 364,
			"width": 139,
			"height": 382,
			"frame": null
		},
		"ground11": {
			"x": 190.5,
			"y": 82.5,
			"width": 125,
			"height": 143,
			"frame": null
		},
		"ground12": {
			"x": 543,
			"y": 337,
			"width": 34,
			"height": 34,
			"frame": null
		},
		"ground13": {
			"x": 215.5,
			"y": 429.5,
			"width": 91,
			"height": 131,
			"frame": null
		},
		"ground14": {
			"x": 288.5,
			"y": 548,
			"width": 37,
			"height": 44,
			"frame": null
		},
		"ground15": {
			"x": 449.5,
			"y": 139.5,
			"width": 105,
			"height": 29,
			"frame": null
		},
		"ground16": {
			"x": 342,
			"y": 246.5,
			"width": 44,
			"height": 43,
			"frame": null
		},
		"ground17": {
			"x": 423,
			"y": 289,
			"width": 57.99999999999999,
			"height": 34,
			"frame": null
		},
		"ground18": {
			"x": 693,
			"y": 206,
			"width": 57.99999999999999,
			"height": 34,
			"frame": null
		},
		"ground19": {
			"x": 907,
			"y": 183.5,
			"width": 184,
			"height": 57,
			"frame": null
		},
		"ground20": {
			"x": 801,
			"y": 409.5,
			"width": 74,
			"height": 57,
			"frame": null
		},
		"ground21": {
			"x": 58.5,
			"y": 515.5,
			"width": 91,
			"height": 131,
			"frame": null
		}
	},
	"trigger": {
		"red1": {
			"x": 173,
			"y": 70,
			"width": 32,
			"height": 38,
			"frame": null
		},
		"red2": {
			"x": 95,
			"y": 586,
			"width": 32,
			"height": 32,
			"frame": null
		},
		"trigger1": {
			"x": 222,
			"y": 75,
			"width": 32,
			"height": 32,
			"frame": null
		},
		"trigger2": {
			"x": 581,
			"y": 415,
			"width": 32,
			"height": 32,
			"frame": null
		},
		"trigger3": {
			"x": 864,
			"y": 579,
			"width": 32,
			"height": 32,
			"frame": null
		}
	},
	"bonus": {
		"bonus1": {
			"x": 968,
			"y": 400.6497054104152,
			"width": 48,
			"height": 48,
			"frame": 0
		},
		"bonus2": {
			"x": 876,
			"y": 90.64970541041521,
			"width": 48,
			"height": 48,
			"frame": 4
		},
		"bonus3": {
			"x": 217,
			"y": 236,
			"width": 48,
			"height": 48,
			"frame": 2
		},
		"bonus4": {
			"x": 890,
			"y": 255,
			"width": 48,
			"height": 48,
			"frame": 4
		}
	},
	"key": {
		"key1": {
			"x": 456,
			"y": 65,
			"width": 48,
			"height": 48,
			"frame": 0
		}
	},
	"troll": {
		"troll": {
			"x": 552,
			"y": 33,
			"width": 48,
			"height": 48,
			"frame": 0
		}
	},
	"rock": {
		"rock1": {
			"x": 733,
			"y": 267,
			"width": 64,
			"height": 64,
			"frame": 0
		},
		"rock2": {
			"x": 214,
			"y": 324,
			"width": 64,
			"height": 64,
			"frame": 0
		},
		"rock3": {
			"x": 569,
			"y": 508,
			"width": 64,
			"height": 64,
			"frame": 0
		}
	},
	"human": {
		"human1": {
			"x": 613,
			"y": 288,
			"width": 32,
			"height": 32,
			"frame": null
		},
		"human2": {
			"x": 499,
			"y": 291,
			"width": 32,
			"height": 32,
			"frame": null
		}
	},
	"door": {
		"door1": {
			"x": 888,
			"y": 522,
			"width": 64,
			"height": 64,
			"frame": 4
		}
	}
}
