{
	"locked": true,
	"overlay": "assets/red-velvet.png",
	"redVelvet": true,
	"troll": {
		"troll": {
			"x": 115,
			"y": 138,
			"width": 48,
			"height": 48,
			"frame": 0
		}
	},
	"ground": {
		"ground1": {
			"x": 800,
			"y": 581,
			"width": 1600,
			"height": 38,
			"frame": null
		},
		"ground2": {
			"x": 689,
			"y": 428.5,
			"width": 108,
			"height": 79,
			"frame": null
		},
		"ground3": {
			"x": 51,
			"y": 205,
			"width": 384,
			"height": 40,
			"frame": null
		},
		"ground4": {
			"x": 555,
			"y": 139,
			"width": 468,
			"height": 26,
			"frame": null
		},
		"ground5": {
			"x": 559.5,
			"y": 350.5,
			"width": 49,
			"height": 33,
			"frame": null
		},
		"ground6": {
			"x": 518.9999997558594,
			"y": 454,
			"width": 64,
			"height": 42,
			"frame": null
		},
		"ground7": {
			"x": 925.5,
			"y": 424,
			"width": 155,
			"height": 54,
			"frame": null
		},
		"ground8": {
			"x": 360.9999997558594,
			"y": 447,
			"width": 82,
			"height": 62,
			"frame": null
		},
		"ground9": {
			"x": 632.5,
			"y": 257,
			"width": 105,
			"height": 22,
			"frame": null
		},
		"ground10": {
			"x": 300.5,
			"y": 347,
			"width": 55.00000000000001,
			"height": 46,
			"frame": null
		},
		"ground11": {
			"x": 456,
			"y": 253.5,
			"width": 66,
			"height": 61,
			"frame": null
		},
		"ground12": {
			"x": 667,
			"y": 78.5,
			"width": 44,
			"height": 73,
			"frame": null
		},
		"ground13": {
			"x": 457.5,
			"y": 134,
			"width": 105,
			"height": 74,
			"frame": null
		},
		"ground14": {
			"x": 753.5,
			"y": 96,
			"width": 71,
			"height": 82,
			"frame": null
		},
		"ground15": {
			"x": 842.5,
			"y": 238,
			"width": 149,
			"height": 20,
			"frame": null
		},
		"ground16": {
			"x": 97,
			"y": 409,
			"width": 82,
			"height": 56,
			"frame": null
		},
		"ground17": {
			"x": 118,
			"y": 342,
			"width": 82,
			"height": 102,
			"frame": null
		},
		"ground18": {
			"x": 793.5,
			"y": 279,
			"width": 51,
			"height": 64,
			"frame": null
		},
		"ground19": {
			"x": 704,
			"y": 156.5,
			"width": 34,
			"height": 35,
			"frame": null
		},
		"ground20": {
			"x": 881.4999996337891,
			"y": 83,
			"width": 51,
			"height": 22,
			"frame": null
		},
		"ground21": {
			"x": 908.4999997558594,
			"y": 191,
			"width": 49,
			"height": 74,
			"frame": null
		},
		"ground22": {
			"x": 178,
			"y": 17.5,
			"width": 64,
			"height": 33,
			"frame": null
		},
		"ground23": {
			"x": 778,
			"y": 298.5,
			"width": 84,
			"height": 25,
			"frame": null
		}
	},
	"trigger": {
		"red1": {
			"x": 461,
			"y": 588,
			"width": 32,
			"height": 32,
			"frame": null
		},
		"red2": {
			"x": 967,
			"y": 585,
			"width": 32,
			"height": 32,
			"frame": null
		}
	},
	"bonus": {
		"bonus1": {
			"x": 379,
			"y": 98.4233097156465,
			"width": 48,
			"height": 48,
			"frame": 9
		},
		"bonus2": {
			"x": 902.9999993286133,
			"y": 40,
			"width": 48,
			"height": 48,
			"frame": 5
		},
		"bonus3": {
			"x": 976,
			"y": 27,
			"width": 48,
			"height": 48,
			"frame": 2
		},
		"bonus4": {
			"x": 461,
			"y": 64,
			"width": 32,
			"height": 32,
			"frame": 5
		}
	},
	"key": {
		"key1": {
			"x": 105,
			"y": 242,
			"width": 48,
			"height": 48,
			"frame": 0
		}
	},
	"door": {
		"door1": {
			"x": 865,
			"y": 365,
			"width": 64,
			"height": 64,
			"frame": 4
		}
	},
	"rock": {
		"rock1": {
			"x": 914,
			"y": 357,
			"width": 64,
			"height": 64,
			"frame": 0
		},
		"rock2": {
			"x": 177,
			"y": 145,
			"width": 64,
			"height": 64,
			"frame": 0
		}
	},
	"human": {
		"human1": {
			"x": 544,
			"y": 70,
			"width": 32,
			"height": 32,
			"frame": null
		},
		"human2": {
			"x": 769,
			"y": 507,
			"width": 32,
			"height": 32,
			"frame": null
		}
	}
}