{
	"locked": true,
	"overlay": "assets/rock-beach.png",
	"ground": {
		"ground1": {
			"x": 501,
			"y": 571,
			"width": 1019.9999999999999,
			"height": 60,
			"frame": null
		},
		"ground2": {
			"x": 901.5,
			"y": 339.5,
			"width": 71,
			"height": 31,
			"frame": null
		},
		"ground4": {
			"x": 710.5,
			"y": 235.5,
			"width": 475,
			"height": 37,
			"frame": null
		},
		"ground5": {
			"x": 770,
			"y": 378,
			"width": 328,
			"height": 44,
			"frame": null
		},
		"ground6": {
			"x": 826.5,
			"y": 123,
			"width": 367,
			"height": 122,
			"frame": null
		},
		"ground8": {
			"x": 368,
			"y": 382,
			"width": 478,
			"height": 36,
			"frame": null
		},
		"ground16": {
			"x": 41.5,
			"y": 294,
			"width": 83,
			"height": 32,
			"frame": null
		},
		"ground3": {
			"x": 639,
			"y": 338,
			"width": 66,
			"height": 38,
			"frame": null
		},
		"ground7": {
			"x": 481.5,
			"y": 264.5,
			"width": 53,
			"height": 97,
			"frame": null
		},
		"ground9": {
			"x": 195,
			"y": 342.5,
			"width": 66,
			"height": 87,
			"frame": null
		},
		"ground10": {
			"x": 763,
			"y": 526.5,
			"width": 66,
			"height": 31,
			"frame": null
		},
		"ground11": {
			"x": 204.5,
			"y": 123,
			"width": 133,
			"height": 32,
			"frame": null
		},
		"ground12": {
			"x": 546,
			"y": 535.5,
			"width": 66,
			"height": 31,
			"frame": null
		}
	},
	"trigger": {},
	"bonus": {
		"bonus1": {
			"x": 246.86666047222081,
			"y": 442,
			"width": 40,
			"height": 40,
			"frame": 11
		},
		"bonus5": {
			"x": 209.86666047222081,
			"y": 68.00000000000003,
			"width": 40,
			"height": 40,
			"frame": 10
		},
		"bonus2": {
			"x": 720.8666604722208,
			"y": 42,
			"width": 40,
			"height": 40,
			"frame": 5
		}
	},
	"key": {
		"key1": {
			"x": 712,
			"y": 308,
			"width": 45,
			"height": 45,
			"frame": 0
		}
	},
	"troll": {
		"troll1": {
			"x": 302,
			"y": 201,
			"width": 48,
			"height": 48,
			"frame": 0
		}
	},
	"rock": {
		"rock3": {
			"x": 245,
			"y": 507,
			"width": 64,
			"height": 64,
			"frame": 0
		},
		"rock1": {
			"x": 24,
			"y": 220,
			"width": 64,
			"height": 64,
			"frame": 0
		},
		"rock2": {
			"x": 480,
			"y": 509,
			"width": 64,
			"height": 64,
			"frame": 0
		},
		"rock4": {
			"x": 699,
			"y": 511,
			"width": 64,
			"height": 64,
			"frame": 0
		}
	},
	"human": {
		"human1": {
			"x": 766,
			"y": 289,
			"width": 64,
			"height": 64,
			"frame": 54
		}
	},
	"door": {
		"door1": {
			"x": 904,
			"y": 292,
			"width": 64,
			"height": 64,
			"frame": 12
		}
	},
	"water": {
		"water1": {
			"x": 301,
			"y": 527,
			"width": 64,
			"height": 64,
			"frame": 23
		},
		"water2": {
			"x": 364,
			"y": 527,
			"width": 64,
			"height": 64,
			"frame": 17
		},
		"water3": {
			"x": 424.5,
			"y": 527,
			"width": 57,
			"height": 64,
			"frame": 21
		}
	}
}
