{
	"locked": false,
	"ground": {
		"ground1": {
			"x": 500,
			"y": 598,
			"width": 1068,
			"height": 64,
			"frame": null
		},
		"ground2": {
			"x": 930.5,
			"y": 343,
			"width": 195,
			"height": 30,
			"frame": null
		},
		"ground3": {
			"x": 851.5,
			"y": 464,
			"width": 71,
			"height": 44,
			"frame": null
		},
		"ground4": {
			"x": 517.5,
			"y": 417,
			"width": 121,
			"height": 32,
			"frame": null
		},
		"ground5": {
			"x": 784,
			"y": 143,
			"width": 57.99999999999999,
			"height": 34,
			"frame": null
		},
		"ground6": {
			"x": 854.5,
			"y": 100.5,
			"width": 339,
			"height": 57,
			"frame": null
		},
		"ground7": {
			"x": 490.5,
			"y": 224,
			"width": 213,
			"height": 46,
			"frame": null
		},
		"ground8": {
			"x": 364,
			"y": 19,
			"width": 234,
			"height": 36,
			"frame": null
		},
		"ground9": {
			"x": 9,
			"y": 133.5,
			"width": 38,
			"height": 85,
			"frame": null
		},
		"ground10": {
			"x": -6.5,
			"y": 393.5,
			"width": 157,
			"height": 73,
			"frame": null
		},
		"ground11": {
			"x": 228.5,
			"y": 158,
			"width": 157,
			"height": 44,
			"frame": null
		},
		"ground12": {
			"x": 901,
			"y": 492,
			"width": 57.99999999999999,
			"height": 34,
			"frame": null
		},
		"ground13": {
			"x": -134.5,
			"y": 254,
			"width": 365,
			"height": 64,
			"frame": null
		},
		"ground14": {
			"x": 46.5,
			"y": 514,
			"width": 157,
			"height": 44,
			"frame": null
		},
		"ground15": {
			"x": 214.5,
			"y": 292,
			"width": 157,
			"height": 44,
			"frame": null
		},
		"ground16": {
			"x": 220.5,
			"y": 389,
			"width": 129,
			"height": 50,
			"frame": null
		}
	},
	"trigger": {
		"red1": {
			"x": 184,
			"y": 130,
			"width": 32,
			"height": 32,
			"frame": null
		},
		"red2": {
			"x": 712,
			"y": 552,
			"width": 32,
			"height": 32,
			"frame": null
		},
		"trigger1": {
			"x": 191,
			"y": 548,
			"width": 32,
			"height": 32,
			"frame": null
		},
		"trigger2": {
			"x": 498,
			"y": 554,
			"width": 32,
			"height": 32,
			"frame": null
		},
		"trigger3": {
			"x": 933,
			"y": 542,
			"width": 32,
			"height": 32,
			"frame": null
		}
	},
	"bonus": {
		"bonus1": {
			"x": 545,
			"y": 152.6497054104152,
			"width": 48,
			"height": 48,
			"frame": 0
		},
		"bonus2": {
			"x": 419,
			"y": 126.64970541041521,
			"width": 48,
			"height": 48,
			"frame": 0
		},
		"bonus3": {
			"x": 875,
			"y": 52,
			"width": 40,
			"height": 40,
			"frame": 5
		}
	},
	"key": {
		"key1": {
			"x": 501,
			"y": 238,
			"width": 48,
			"height": 48,
			"frame": 0
		}
	},
	"troll": {
		"troll": {
			"x": 170,
			"y": 52,
			"width": 48,
			"height": 48,
			"frame": 0
		}
	},
	"rock": {
		"rock1": {
			"x": 218,
			"y": 210,
			"width": 64,
			"height": 64,
			"frame": 0
		},
		"rock2": {
			"x": 31,
			"y": 43,
			"width": 64,
			"height": 64,
			"frame": 0
		},
		"rock3": {
			"x": 986,
			"y": 4,
			"width": 64,
			"height": 64,
			"frame": 0
		}
	},
	"human": {
		"human1": {
			"x": 659,
			"y": 462,
			"width": 32,
			"height": 32,
			"frame": null
		},
		"human2": {
			"x": 395,
			"y": 440,
			"width": 32,
			"height": 32,
			"frame": null
		}
	},
	"door": {
		"door1": {
			"x": 958,
			"y": 298,
			"width": 64,
			"height": 64,
			"frame": 4
		}
	}
}