{
	"locked": true,
	"overlay": "assets/overlay-rocky.png",
	"troll": {
		"troll": {
			"x": 118,
			"y": 244,
			"width": 48,
			"height": 48,
			"frame": 0
		}
	},
	"ground": {
		"ground1": {
			"x": 800,
			"y": 546.5,
			"width": 1600,
			"height": 107,
			"frame": null
		},
		"ground2": {
			"x": 421,
			"y": 463.5,
			"width": 358,
			"height": 77,
			"frame": null
		},
		"ground3": {
			"x": 595,
			"y": 92,
			"width": 54,
			"height": 32,
			"frame": null
		},
		"ground4": {
			"x": 570,
			"y": 113,
			"width": 576,
			"height": 32,
			"frame": null
		},
		"ground5": {
			"x": 796.5,
			"y": 423,
			"width": 399,
			"height": 152,
			"frame": null
		},
		"ground6": {
			"x": 814.5,
			"y": 319.5,
			"width": 43,
			"height": 71,
			"frame": null
		},
		"ground7": {
			"x": 413.5,
			"y": 210,
			"width": 291,
			"height": 166,
			"frame": null
		},
		"ground8": {
			"x": 19,
			"y": 459.5,
			"width": 44,
			"height": 73,
			"frame": null
		},
		"ground9": {
			"x": 957,
			"y": 221,
			"width": 98,
			"height": 40,
			"frame": null
		},
		"ground10": {
			"x": 124,
			"y": 305.5,
			"width": 44,
			"height": 37,
			"frame": null
		},
		"ground11": {
			"x": 227.5,
			"y": 201.5,
			"width": 83,
			"height": 37,
			"frame": null
		}
	},
	"water": {
		"water1": {
			"x": 60,
			"y": 552,
			"width": 64,
			"height": 64,
			"frame": 8
		},
		"water2": {
			"x": 220,
			"y": 488,
			"width": 66,
			"height": 64,
			"frame": 8
		},
		"water3": {
			"x": 60,
			"y": 488,
			"width": 64,
			"height": 64,
			"frame": 7
		},
		"water4": {
			"x": 178,
			"y": 488,
			"width": 64,
			"height": 64,
			"frame": 8
		},
		"water5": {
			"x": 118,
			"y": 488,
			"width": 64,
			"height": 64,
			"frame": 10
		},
		"water6": {
			"x": 123,
			"y": 550,
			"width": 64,
			"height": 64,
			"frame": 8
		},
		"water7": {
			"x": 188,
			"y": 549,
			"width": 64,
			"height": 64,
			"frame": 8
		},
		"water8": {
			"x": 221,
			"y": 549,
			"width": 64,
			"height": 64,
			"frame": 10
		},
		"water9": {
			"x": 149,
			"y": 549.5,
			"width": 64,
			"height": 64,
			"frame": 10
		}
	},
	"trigger": {
		"red1": {
			"x": 490,
			"y": 217,
			"width": 32,
			"height": 32,
			"frame": null
		},
		"red2": {
			"x": 466,
			"y": 237,
			"width": 32,
			"height": 32,
			"frame": null
		}
	},
	"bonus": {
		"bonus1": {
			"x": 237,
			"y": 142.4233097156465,
			"width": 48,
			"height": 48,
			"frame": 1
		},
		"bonus2": {
			"x": 958,
			"y": 311.4233097156465,
			"width": 48,
			"height": 48,
			"frame": 2
		}
	},
	"key": {
		"key1": {
			"x": 716,
			"y": 41,
			"width": 48,
			"height": 48,
			"frame": 0
		}
	},
	"door": {
		"door1": {
			"x": 314,
			"y": 64,
			"width": 64,
			"height": 64,
			"frame": 4
		}
	},
	"rock": {
		"rock1": {
			"x": 358,
			"y": 364,
			"width": 64,
			"height": 64,
			"frame": 0
		},
		"rock2": {
			"x": 421,
			"y": 40.00000000000006,
			"width": 64,
			"height": 64,
			"frame": 0
		}
	},
	"human": {
		"human1": {
			"x": 442,
			"y": 337,
			"width": 32,
			"height": 32,
			"frame": null
		}
	}
}