{
	"locked": true,
	"overlay": "assets/overlay3.png",
	"hasCat": true,
	"originalLevel": 3,
	"ground": {
		"ground1": [
			800,
			568,
			1600,
			64
		],
		"ground2": [
			617.5,
			410,
			469.00000000000006,
			26
		],
		"ground3": {
			"x": 47.49999984741213,
			"y": 353,
			"width": 404.9999996948243,
			"height": 32,
			"frame": null
		},
		"ground4": {
			"x": 752.5,
			"y": 153,
			"width": 505,
			"height": 32,
			"frame": null
		},
		"ground5": {
			"x": 695,
			"y": 355.5,
			"width": 184,
			"height": 197,
			"frame": null
		},
		"ground6": [
			683.5,
			235.5,
			43,
			153
		],
		"ground7": {
			"x": 477.499999786377,
			"y": 250,
			"width": 95.0000004272461,
			"height": 32,
			"frame": null
		},
		"ground8": {
			"x": 505,
			"y": 203.5,
			"width": 40,
			"height": 79,
			"frame": null
		}
	},
	"trigger": {
		"red1": {
			"x": 393.99999938964845,
			"y": 388.5,
			"width": 32,
			"height": 32,
			"frame": null
		},
		"red2": {
			"x": 729,
			"y": 373,
			"width": 32,
			"height": 32,
			"frame": null
		}
	},
	"bonus": {
		"bonus1": {
			"x": 627,
			"y": 212.42330971564647,
			"width": 48,
			"height": 48,
			"frame": 2
		},
		"bonus2": {
			"x": 829.8666604722208,
			"y": 74.514510404516,
			"width": 48,
			"height": 48,
			"frame": 0
		}
	},
	"key": {
		"key1": {
			"x": 744,
			"y": 204,
			"width": 48,
			"height": 48,
			"frame": 0
		}
	},
	"door": {
		"door1": {
			"x": 900,
			"y": 105,
			"width": 64,
			"height": 64
		}
	},
	"rock": {
		"rock1": {
			"x": 718,
			"y": 508,
			"width": 64,
			"height": 64
		}
	},
	"human": {
		"human1": {
			"x": 76,
			"y": 432,
			"width": 32,
			"height": 32,
			"frame": null
		},
		"human2": {
			"x": 475,
			"y": 320,
			"width": 32,
			"height": 32,
			"frame": null
		}
	}
}