{
	"locked": true,
	"overlay": "assets/pool.png",
	"nextLevel": "json/map6.json",
	"hasCat": true,
	"troll": {
		"troll": {
			"x": 120,
			"y": 106,
			"width": 48,
			"height": 48,
			"frame": 0
		}
	},
	"water": {
		"water1": {
			"x": 123,
			"y": 402,
			"width": 64,
			"height": 64,
			"frame": 9
		},
		"water2": {
			"x": 242,
			"y": 368,
			"width": 64,
			"height": 64,
			"frame": 9
		},
		"water3": {
			"x": 124,
			"y": 368,
			"width": 64,
			"height": 64,
			"frame": 9
		},
		"water4": {
			"x": 305,
			"y": 368,
			"width": 64,
			"height": 64,
			"frame": 10
		},
		"water5": {
			"x": 182,
			"y": 368,
			"width": 64,
			"height": 64,
			"frame": 10
		},
		"water6": {
			"x": 202,
			"y": 376,
			"width": 64,
			"height": 64,
			"frame": 10
		},
		"water7": {
			"x": 184,
			"y": 377,
			"width": 64,
			"height": 64,
			"frame": 10
		},
		"water8": {
			"x": 303,
			"y": 377,
			"width": 64,
			"height": 64,
			"frame": 8
		},
		"water9": {
			"x": 241,
			"y": 377.5,
			"width": 64,
			"height": 64,
			"frame": 7
		}
	},
	"ground": {
		"ground1": [
			800,
			568,
			1600,
			64
		],
		"ground2": {
			"x": 610.5,
			"y": 410,
			"width": 313,
			"height": 26,
			"frame": null
		},
		"ground3": {
			"x": 43,
			"y": 229,
			"width": 370,
			"height": 26,
			"frame": null
		},
		"ground4": {
			"x": 585.5,
			"y": 142,
			"width": 475,
			"height": 32,
			"frame": null
		},
		"ground5": [
			693.5,
			355,
			187,
			202
		],
		"ground6": {
			"x": 365,
			"y": 373.5,
			"width": 64,
			"height": 93,
			"frame": null
		},
		"ground7": {
			"x": 992,
			"y": 439,
			"width": 102,
			"height": 32,
			"frame": null
		},
		"ground8": {
			"x": 219,
			"y": 408,
			"width": 338,
			"height": 62,
			"frame": null
		},
		"ground9": {
			"x": 783,
			"y": 339,
			"width": 102,
			"height": 32,
			"frame": null
		},
		"ground10": {
			"x": 778,
			"y": 133.5,
			"width": 82,
			"height": 33,
			"frame": null
		},
		"ground11": {
			"x": 120.5,
			"y": 352.5,
			"width": 159,
			"height": 65,
			"frame": null
		},
		"ground12": {
			"x": 975,
			"y": 239.5,
			"width": 82,
			"height": 33,
			"frame": null
		}
	},
	"trigger": {
		"red1": {
			"x": 469,
			"y": 386,
			"width": 32,
			"height": 32,
			"frame": null
		},
		"red2": {
			"x": 876,
			"y": 524,
			"width": 32,
			"height": 32,
			"frame": null
		}
	},
	"bonus": {
		"bonus1": {
			"x": 655,
			"y": 207.4233097156465,
			"width": 48,
			"height": 48,
			"frame": 2
		},
		"bonus2": {
			"x": 394.8666604722208,
			"y": 91.51451040451599,
			"width": 48,
			"height": 48,
			"frame": 0
		}
	},
	"key": {
		"key1": {
			"x": 744,
			"y": 204,
			"width": 48,
			"height": 48,
			"frame": 0
		}
	},
	"door": {
		"door1": {
			"x": 73,
			"y": 290,
			"width": 64,
			"height": 64,
			"frame": 4
		}
	},
	"rock": {
		"rock1": {
			"x": 456,
			"y": 96,
			"width": 64,
			"height": 64,
			"frame": 0
		}
	},
	"human": {
		"human1": {
			"x": 155,
			"y": 474,
			"width": 32,
			"height": 32,
			"frame": null
		},
		"human2": {
			"x": 475,
			"y": 320,
			"width": 32,
			"height": 32,
			"frame": null
		}
	}
}