{
	"locked": true,
	"overlay": "assets/overlay5.png",
	"originalLevel": 6,
	"ground": {
		"ground1": {
			"x": 800,
			"y": 586,
			"width": 1600,
			"height": 64,
			"frame": null
		},
		"ground2": {
			"x": 795,
			"y": 411.5,
			"width": 166,
			"height": 103,
			"frame": null
		},
		"ground3": {
			"x": 468.5,
			"y": 321,
			"width": 71,
			"height": 44,
			"frame": null
		},
		"ground4": {
			"x": 323.5,
			"y": 153,
			"width": 269,
			"height": 32,
			"frame": null
		},
		"ground5": {
			"x": 654.5,
			"y": 378,
			"width": 167,
			"height": 86,
			"frame": null
		},
		"ground6": {
			"x": 822.5,
			"y": 143,
			"width": 367,
			"height": 52,
			"frame": null
		},
		"ground7": {
			"x": 707.5,
			"y": 253.5,
			"width": 119,
			"height": 213,
			"frame": null
		},
		"ground8": {
			"x": 271,
			"y": 442,
			"width": 234,
			"height": 36,
			"frame": null
		},
		"ground9": {
			"x": 173,
			"y": 126.5,
			"width": 38,
			"height": 85,
			"frame": null
		},
		"ground10": {
			"x": 79.5,
			"y": 363,
			"width": 157,
			"height": 140,
			"frame": null
		},
		"ground11": {
			"x": 79.5,
			"y": 77,
			"width": 157,
			"height": 44,
			"frame": null
		},
		"ground12": {
			"x": 327,
			"y": 327,
			"width": 57.99999999999999,
			"height": 62,
			"frame": null
		}
	},
	"trigger": {
		"red1": {
			"x": 173,
			"y": 70,
			"width": 32,
			"height": 38,
			"frame": null
		},
		"red2": {
			"x": 147.00000061035155,
			"y": 294,
			"width": 32,
			"height": 32,
			"frame": null
		}
	},
	"bonus": {
		"bonus1": {
			"x": 609,
			"y": 288.6497054104152,
			"width": 48,
			"height": 48,
			"frame": 2
		},
		"bonus2": {
			"x": 493.8666604722208,
			"y": 166,
			"width": 48,
			"height": 48,
			"frame": 0
		},
		"bonus3": {
			"x": 767.8666604722208,
			"y": 34,
			"width": 48,
			"height": 48,
			"frame": 1
		}
	},
	"key": {
		"key1": {
			"x": 340,
			"y": 16,
			"width": 32,
			"height": 32,
			"frame": 0
		}
	},
	"troll": {
		"troll": {
			"x": 256,
			"y": 280,
			"width": 48,
			"height": 48,
			"frame": 0
		}
	},
	"rock": {
		"rock1": {
			"x": 92,
			"y": 507,
			"width": 64,
			"height": 64,
			"frame": 0
		},
		"rock2": {
			"x": 788,
			"y": 504,
			"width": 64,
			"height": 64,
			"frame": 0
		},
		"rock3": {
			"x": 536,
			"y": 473,
			"width": 64,
			"height": 64,
			"frame": 0
		}
	},
	"human": {
		"human1": {
			"x": 89,
			"y": 203,
			"width": 32,
			"height": 32,
			"frame": null
		},
		"human2": {
			"x": 389,
			"y": 495,
			"width": 32,
			"height": 32,
			"frame": null
		}
	},
	"door": {
		"door1": {
			"x": 843,
			"y": 328,
			"width": 64,
			"height": 64,
			"frame": 4
		}
	}
}