{
	"locked": true,
	"overlay": "assets/overlay7.png",
	"ground": {
		"ground1": {
			"x": 800,
			"y": 586,
			"width": 1600,
			"height": 64,
			"frame": null
		},
		"ground2": {
			"x": 891.5,
			"y": 312,
			"width": 39,
			"height": 30,
			"frame": null
		},
		"ground3": {
			"x": 907.5,
			"y": 464,
			"width": 183,
			"height": 44,
			"frame": null
		},
		"ground4": {
			"x": 515,
			"y": 417,
			"width": 115.99999999999999,
			"height": 32,
			"frame": null
		},
		"ground5": {
			"x": 367,
			"y": 254,
			"width": 57.99999999999999,
			"height": 34,
			"frame": null
		},
		"ground6": {
			"x": 712.5,
			"y": 128.5,
			"width": 193,
			"height": 57,
			"frame": null
		},
		"ground7": {
			"x": 577.5,
			"y": 318,
			"width": 213,
			"height": 46,
			"frame": null
		},
		"ground8": {
			"x": 364,
			"y": 19,
			"width": 234,
			"height": 36,
			"frame": null
		},
		"ground9": {
			"x": 9,
			"y": 87,
			"width": 38,
			"height": 178,
			"frame": null
		},
		"ground10": {
			"x": -21.5,
			"y": 518.5,
			"width": 139,
			"height": 73,
			"frame": null
		},
		"ground11": {
			"x": 211.5,
			"y": 132,
			"width": 157,
			"height": 44,
			"frame": null
		},
		"ground12": {
			"x": 712,
			"y": 325,
			"width": 57.99999999999999,
			"height": 34,
			"frame": null
		},
		"ground13": {
			"x": 239.5,
			"y": 416.5,
			"width": 91,
			"height": 131,
			"frame": null
		},
		"ground14": {
			"x": 270.5,
			"y": 503,
			"width": 157,
			"height": 44,
			"frame": null
		},
		"ground15": {
			"x": -5.5,
			"y": 370,
			"width": 105,
			"height": 44,
			"frame": null
		},
		"ground16": {
			"x": 346,
			"y": 319,
			"width": 57.99999999999999,
			"height": 34,
			"frame": null
		},
		"ground17": {
			"x": 435,
			"y": 226,
			"width": 57.99999999999999,
			"height": 34,
			"frame": null
		},
		"ground18": {
			"x": 588,
			"y": 117,
			"width": 57.99999999999999,
			"height": 34,
			"frame": null
		},
		"ground19": {
			"x": 855.5,
			"y": 183.5,
			"width": 143,
			"height": 57,
			"frame": null
		}
	},
	"trigger": {
		"red1": {
			"x": 173,
			"y": 70,
			"width": 32,
			"height": 38,
			"frame": null
		},
		"red2": {
			"x": 63,
			"y": 550,
			"width": 32,
			"height": 32,
			"frame": null
		},
		"trigger1": {
			"x": 240,
			"y": 76,
			"width": 32,
			"height": 32,
			"frame": null
		},
		"trigger2": {
			"x": 579,
			"y": 317,
			"width": 32,
			"height": 32,
			"frame": null
		},
		"trigger3": {
			"x": 933,
			"y": 542,
			"width": 32,
			"height": 32,
			"frame": null
		}
	},
	"bonus": {
		"bonus1": {
			"x": 879,
			"y": 363.6497054104152,
			"width": 48,
			"height": 48,
			"frame": 0
		},
		"bonus2": {
			"x": 656,
			"y": 255.6497054104152,
			"width": 48,
			"height": 48,
			"frame": 4
		},
		"bonus3": {
			"x": 184,
			"y": 74,
			"width": 48,
			"height": 48,
			"frame": 2
		}
	},
	"key": {
		"key1": {
			"x": 839,
			"y": 129,
			"width": 48,
			"height": 48,
			"frame": 0
		}
	},
	"troll": {
		"troll": {
			"x": 888,
			"y": 273,
			"width": 48,
			"height": 48,
			"frame": 0
		}
	},
	"rock": {
		"rock1": {
			"x": 732,
			"y": 51,
			"width": 64,
			"height": 64,
			"frame": 0
		},
		"rock2": {
			"x": 509,
			"y": 253,
			"width": 64,
			"height": 64,
			"frame": 0
		},
		"rock3": {
			"x": 653,
			"y": 518,
			"width": 64,
			"height": 64,
			"frame": 0
		}
	},
	"human": {
		"human1": {
			"x": 659,
			"y": 462,
			"width": 32,
			"height": 32,
			"frame": null
		},
		"human2": {
			"x": 395,
			"y": 440,
			"width": 32,
			"height": 32,
			"frame": null
		}
	},
	"door": {
		"door1": {
			"x": 528,
			"y": 522,
			"width": 64,
			"height": 64,
			"frame": 4
		}
	}
}