{
	"locked": true,
	"overlay": "assets/emerald.png",
	"originalLevel": 8,
	"ground": {
		"ground1": {
			"x": 424,
			"y": 563.5,
			"width": 470,
			"height": 85,
			"frame": null
		},
		"ground2": {
			"x": 219.5,
			"y": 325.5,
			"width": 49,
			"height": 225,
			"frame": null
		},
		"ground3": {
			"x": 337.5,
			"y": 410,
			"width": 223,
			"height": 54,
			"frame": null
		},
		"ground4": {
			"x": 819,
			"y": 121,
			"width": 278,
			"height": 46,
			"frame": null
		},
		"ground5": {
			"x": 932,
			"y": 107,
			"width": 42,
			"height": 40,
			"frame": null
		},
		"ground6": {
			"x": 110.5,
			"y": 342,
			"width": 43,
			"height": 152,
			"frame": null
		},
		"ground7": {
			"x": 473,
			"y": 144.5,
			"width": 50,
			"height": 147,
			"frame": null
		},
		"ground8": {
			"x": 387,
			"y": 312.5,
			"width": 44,
			"height": 29,
			"frame": null
		},
		"ground9": {
			"x": 608.5,
			"y": 398.5,
			"width": 69,
			"height": 131,
			"frame": null
		},
		"ground10": {
			"x": 469,
			"y": 285.5,
			"width": 208,
			"height": 27,
			"frame": null
		},
		"ground11": {
			"x": 714.5,
			"y": 496,
			"width": 151,
			"height": 52,
			"frame": null
		},
		"ground12": {
			"x": 276.5,
			"y": 390.5,
			"width": 85,
			"height": 67,
			"frame": null
		},
		"ground13": {
			"x": 579,
			"y": 540.5,
			"width": 102,
			"height": 31,
			"frame": null
		},
		"ground14": {
			"x": 733.5,
			"y": 224,
			"width": 56.99999999999999,
			"height": 164,
			"frame": null
		},
		"ground15": {
			"x": 870.5,
			"y": 388,
			"width": 56.99999999999999,
			"height": 52,
			"frame": null
		},
		"ground16": {
			"x": 994,
			"y": 250,
			"width": 64,
			"height": 52,
			"frame": null
		},
		"ground17": {
			"x": 378,
			"y": 182.5,
			"width": 54,
			"height": 61,
			"frame": null
		},
		"ground18": {
			"x": 33,
			"y": 538.5,
			"width": 57.99999999999999,
			"height": 61,
			"frame": null
		},
		"ground19": {
			"x": 260,
			"y": 65,
			"width": 384,
			"height": 30,
			"frame": null
		},
		"ground20": {
			"x": 68.5,
			"y": 232,
			"width": 43,
			"height": 368,
			"frame": null
		},
		"ground21": {
			"x": 931,
			"y": 16.5,
			"width": 42,
			"height": 33,
			"frame": null
		}
	},
	"trigger": {
		"red1": {
			"x": 401,
			"y": 412,
			"width": 32,
			"height": 32,
			"frame": null
		},
		"red2": {
			"x": 474,
			"y": 108,
			"width": 32,
			"height": 32,
			"frame": null
		},
		"trigger1": {
			"x": 268,
			"y": 563,
			"width": 32,
			"height": 32,
			"frame": null
		}
	},
	"bonus": {
		"bonus1": {
			"x": 603,
			"y": 487.4233097156465,
			"width": 48,
			"height": 48,
			"frame": 4
		},
		"bonus3": {
			"x": 283,
			"y": 491.4233097156465,
			"width": 48,
			"height": 48,
			"frame": 2
		}
	},
	"key": {
		"key1": {
			"x": 783,
			"y": 444,
			"width": 48,
			"height": 48,
			"frame": 0
		}
	},
	"door": {
		"door1": {
			"x": 24,
			"y": 477,
			"width": 64,
			"height": 64,
			"frame": 4
		}
	},
	"water": {
		"water1": {
			"x": 753,
			"y": 587,
			"width": 64,
			"height": 64,
			"frame": 7
		},
		"water2": {
			"x": 689,
			"y": 587,
			"width": 64,
			"height": 64,
			"frame": 7
		},
		"water3": {
			"x": 159,
			"y": 601,
			"width": 64,
			"height": 64,
			"frame": 10
		},
		"water4": {
			"x": 96,
			"y": 600,
			"width": 64,
			"height": 64,
			"frame": 10
		},
		"water5": {
			"x": 35,
			"y": 600,
			"width": 64,
			"height": 64,
			"frame": 9
		},
		"water6": {
			"x": 803,
			"y": 587,
			"width": 64,
			"height": 64,
			"frame": 10
		},
		"water7": {
			"x": 864,
			"y": 587,
			"width": 64,
			"height": 64,
			"frame": 7
		},
		"water8": {
			"x": 925,
			"y": 587,
			"width": 64,
			"height": 64,
			"frame": 9
		},
		"water9": {
			"x": 987,
			"y": 587.5,
			"width": 64,
			"height": 65,
			"frame": 7
		}
	},
	"rock": {
		"rock1": {
			"x": 705,
			"y": 50,
			"width": 64,
			"height": 64,
			"frame": 0
		},
		"rock2": {
			"x": 282,
			"y": 100,
			"width": 64,
			"height": 64,
			"frame": 0
		}
	},
	"human": {
		"human1": {
			"x": 827,
			"y": 16,
			"width": 32,
			"height": 32,
			"frame": null
		},
		"human2": {
			"x": 425,
			"y": 192,
			"width": 32,
			"height": 32,
			"frame": null
		}
	},
	"troll": {
		"troll": {
			"x": 120,
			"y": 133,
			"width": 48,
			"height": 48,
			"frame": 0
		}
	}
}